id,timestamp_utc,cleaned_text,token_count,oov_token_count,sentiment,confidence,prob_negative,prob_positive,latency_ms,model_version,source,true_sentiment
cffe13bd-6754-4c12-aa86-3f101299ac4d,2026-08-23T12:55:32.175858+00:00,the whole bleisure package felt like a scam none of the workation amenities actually worked,15,2,NEGATIVE,0.9755076766014099,0.9755076766014099,0.024492355063557625,26.146300020627677,rnn_lstm_v1,api,
07193abc-074a-40a9-98e3-cd44206055ce,2026-08-23T12:55:23.489924+00:00,the podcast room had zero soundproofing could hear the hallway the entire session,13,1,POSITIVE,0.9449864625930786,0.055013515055179596,0.9449864625930786,5.487199989147484,rnn_lstm_v1,api,
a5eba1dd-f078-44d6-82d6-726391a60693,2026-08-23T12:55:16.448850+00:00,the sustainability certification is a joke straws everywhere and the ac ran nonstop,13,2,NEGATIVE,0.5239261388778687,0.5239261388778687,0.47607389092445374,6.313999998383224,rnn_lstm_v1,api,
2608e724-6d50-4147-8fa6-34b3746d8a77,2026-08-23T12:55:08.264508+00:00,the virtual reality tour lied to me room looked nothing like what i saw before booking,16,0,NEGATIVE,0.9724985361099243,0.9724985361099243,0.027501512318849564,62.11450009141117,rnn_lstm_v1,api,
9b8f3d34-f99a-45e0-bdc7-b8414bdbf677,2026-08-23T12:55:00.950325+00:00,the content house branding was giving cheugy nothing about this place was aesthetic,13,1,NEGATIVE,0.5101276636123657,0.5101276636123657,0.4898723065853119,113.897499977611,rnn_lstm_v1,api,
50f2eb8c-f6f9-4c42-bf5c-83513148b248,2026-08-23T12:54:53.158563+00:00,the ai concierge chatbot was useless kept looping the same answer no_matter what i asked,15,2,NEGATIVE,0.9561650156974792,0.9561650156974792,0.043834950774908066,6.7214000737294555,rnn_lstm_v1,api,
9f1d4112-cc9f-4d40-b669-0945de7b6bf7,2026-08-23T12:54:46.247017+00:00,the biometric key scanner kept glitching ngl felt like a whole ordeal just to get in my room,18,4,NEGATIVE,0.7798877954483032,0.7798877954483032,0.22011223435401917,18.95880000665784,rnn_lstm_v1,api,
1b774631-cc6d-497b-b5f1-e1eccc42c3d8,2026-08-23T12:54:30.289221+00:00,pet friendly and remote work friendly this hotel really said understood the assignment,13,0,POSITIVE,0.9989551305770874,0.0010448835091665387,0.9989551305770874,4.7651000786572695,rnn_lstm_v1,api,
90edaad5-d8d4-492a-8556-d6c3388c413e,2026-08-23T12:54:19.847699+00:00,the staycation package was giving five star energy rent free in my head all week,15,1,POSITIVE,0.9992067217826843,0.0007932591834105551,0.9992067217826843,19.90980003029108,rnn_lstm_v1,api,
7dd89a68-3add-4552-b4a0-0478807f44ff,2026-08-23T12:54:11.414026+00:00,the digital detox retreat hit different zero wifi and i still do not_regret it,14,0,POSITIVE,0.9404333233833313,0.059566646814346313,0.9404333233833313,146.25050011090934,rnn_lstm_v1,api,
97f2763f-b192-43d3-b4a6-58107f833df3,2026-08-23T12:54:03.058196+00:00,living my best bleisure era the podcast recording room made work trips actually fun,14,2,POSITIVE,0.9959885478019714,0.004011401440948248,0.9959885478019714,11.240100022405386,rnn_lstm_v1,api,
ef06cb46-ae2b-4e73-b06e-fdd740f5b9cc,2026-08-23T12:53:52.759843+00:00,the ai concierge chatbot actually slapped answered everything instantly no_cap,10,2,POSITIVE,0.9361431002616882,0.06385691463947296,0.9361431002616882,25.64370003528893,rnn_lstm_v1,api,
57f4a7f8-fb63-4a30-970a-98b5e55bd83a,2026-08-23T12:53:43.072635+00:00,bestie the content house vibes were immaculate filmed my whole trip here,12,2,POSITIVE,0.5092748999595642,0.4907251000404358,0.5092748999595642,4.279899992980063,rnn_lstm_v1,api,
1b3ca60e-b564-4b66-aca5-e34081eab067,2026-08-23T12:53:25.937561+00:00,the biometric room key was so smooth no_cap this hotel really understood the assignment,14,2,NEGATIVE,0.8115857839584351,0.8115857839584351,0.18841423094272614,16.903999960049987,rnn_lstm_v1,api,
a2e1f22f-f224-4434-86ed-fd987c92b528,2026-08-23T12:49:40.258019+00:00,coolest tysm,2,1,POSITIVE,0.7294360995292664,0.27056390047073364,0.7294360995292664,18.66230007726699,rnn_lstm_v1,api,
8efcc833-e14a-46c1-908f-adaae46e6d45,2026-08-23T12:48:23.046137+00:00,not_worthy of social media,4,0,NEGATIVE,0.9898960590362549,0.9898960590362549,0.010103888809680939,55.077899945899844,rnn_lstm_v1,api,
f0247499-2f04-4fa8-88af-42b3e1739a55,2026-08-23T12:47:36.784108+00:00,not_social media worthy,3,1,POSITIVE,0.9051195383071899,0.09488048404455185,0.9051195383071899,31.572300009429455,rnn_lstm_v1,api,
2d4bce14-762a-43b9-91f7-d3efb2a2d230,2026-08-23T12:45:36.996429+00:00,the staff were incredibly friendly and the room was spotless,10,0,POSITIVE,0.9988303780555725,0.0011695814318954945,0.9988303780555725,9.157399996183813,rnn_lstm_v1,api,
d4a16adb-957b-41fb-9ea2-f08fc0eb2783,2026-08-23T10:25:57.013416+00:00,the room was clean and the staff were friendly,9,0,POSITIVE,0.9978378415107727,0.002162160584703088,0.9978378415107727,2.903799992054701,rnn_lstm_v1,api,
b45649fa-c6cc-48c0-8722-52f3000c9d53,2026-08-23T10:25:55.302383+00:00,the room was clean and the staff were friendly,9,0,POSITIVE,0.9978378415107727,0.002162160584703088,0.9978378415107727,9.280400001443923,rnn_lstm_v1,api,
77ad1d1b-e89f-46db-aa36-f774419aa052,2026-08-23T09:32:26.838065+00:00,warm welcoming staff and a genuinely relaxing weekend getaway,9,0,POSITIVE,0.9997383952140808,0.0002616179990582168,0.9997383952140808,2.331000054255128,rnn_lstm_v1,api,
28cdb59a-8523-45e2-bdb7-91dfed56b966,2026-08-23T09:32:26.595955+00:00,the room was freezing and maintenance never_came to fix the heater,11,0,NEGATIVE,0.9344645738601685,0.9344645738601685,0.06553547829389572,1.763500040397048,rnn_lstm_v1,api,
70586328-72b5-4de1-97a1-5dcfa0237b55,2026-08-23T09:32:26.342337+00:00,perfect location for exploring the city on foot loved every minute,11,0,POSITIVE,0.9999306201934814,6.934988050488755e-05,0.9999306201934814,1.7486000433564186,rnn_lstm_v1,api,
01e4c2c1-6267-45c5-b742-bd035040dd98,2026-08-23T09:32:26.097137+00:00,check out was a nightmare they tried to charge us for things we never_used,14,0,POSITIVE,0.9252740740776062,0.07472588121891022,0.9252740740776062,1.8564000492915511,rnn_lstm_v1,api,
db279043-088c-44d2-87e5-1e63b3d1d986,2026-08-23T09:32:25.824148+00:00,the hotel gym was well equipped and always clean when we used it,13,0,POSITIVE,0.9985843896865845,0.0014155895914882421,0.9985843896865845,1.6563000390306115,rnn_lstm_v1,api,
3b32bd08-3527-4d63-85fa-f495a2c3a13e,2026-08-23T09:32:25.575886+00:00,housekeeping never_came despite three separate requests,6,0,POSITIVE,0.74582839012146,0.25417155027389526,0.74582839012146,1.6367000062018633,rnn_lstm_v1,api,
b665d96f-a5b9-4a8a-b9f4-75a5ef832218,2026-08-23T09:32:25.324712+00:00,fantastic stay from start to finish everything exceeded expectations,9,0,POSITIVE,0.9989697933197021,0.0010301738511770964,0.9989697933197021,3.844000049866736,rnn_lstm_v1,api,
0392459c-fef4-41a7-8de4-7ffa3cba11c1,2026-08-23T09:32:25.109712+00:00,booking said non smoking but our room reeked of cigarette smoke,11,0,NEGATIVE,0.5328444242477417,0.5328444242477417,0.4671556055545807,1.9508000696077943,rnn_lstm_v1,api,
20265de8-ef9f-409d-9276-4f05d9247693,2026-08-23T09:32:24.877974+00:00,friendly staff comfortable room would happily return next year,9,0,POSITIVE,0.999872088432312,0.00012784374121110886,0.999872088432312,2.875500009395182,rnn_lstm_v1,api,
518cd372-92ce-4bac-9704-38c2fb291e9c,2026-08-23T09:32:24.624817+00:00,the pillows were lumpy and the mattress had clearly seen better days,12,0,POSITIVE,0.9988565444946289,0.001143482862971723,0.9988565444946289,1.3391999527812004,rnn_lstm_v1,api,
9a0e60bf-e49a-4d85-9a9d-b1cb7cedc43f,2026-08-23T09:32:24.446893+00:00,spacious room great amenities would definitely recommend to friends,9,0,POSITIVE,0.9999456405639648,5.440146560431458e-05,0.9999456405639648,1.6295999521389604,rnn_lstm_v1,api,
7d79e113-a462-4f16-98d9-78af9ff79253,2026-08-23T09:32:24.188003+00:00,elevator was out of service the whole stay had to use the stairs,13,0,POSITIVE,0.759964644908905,0.24003536999225616,0.759964644908905,1.5648000407963991,rnn_lstm_v1,api,
a25d6f23-cc5e-4402-a9f8-4b352a58335b,2026-08-23T09:32:23.979312+00:00,beautiful hotel the rooftop bar was the highlight of our trip,11,0,POSITIVE,0.9992089867591858,0.0007910512504167855,0.9992089867591858,1.7847000854089856,rnn_lstm_v1,api,
a7bf6a75-4b91-45bf-aa46-af308b24b99d,2026-08-23T09:32:23.736930+00:00,wifi barely worked and it took three calls to get it fixed,12,0,POSITIVE,0.9851716160774231,0.014828451909124851,0.9851716160774231,2.1011000499129295,rnn_lstm_v1,api,
3fbd6448-64d0-47a1-8997-17b0f2bd09aa,2026-08-23T09:32:23.485188+00:00,the staff remembered our names and made us feel so welcome,11,0,POSITIVE,0.9787490963935852,0.021250953897833824,0.9787490963935852,1.2109000235795975,rnn_lstm_v1,api,
79850e2f-3e52-48f1-8e76-4173c534c558,2026-08-23T09:32:23.273988+00:00,excellent value for money everything was clean and well maintained,10,0,POSITIVE,0.9999200105667114,8.00156340119429e-05,0.9999200105667114,1.9305000314489007,rnn_lstm_v1,api,
847d69f6-ee5d-4d55-a47c-a250b3b353c2,2026-08-23T09:32:23.029492+00:00,overpriced for what you get the room was tiny and outdated,11,0,POSITIVE,0.9736958742141724,0.026304170489311218,0.9736958742141724,1.7624999163672328,rnn_lstm_v1,api,
4617c546-9511-4126-9ebe-d054a84b105e,2026-08-23T09:32:22.818163+00:00,noisy hallway all night could not_sleep very disappointing stay,9,0,NEGATIVE,0.9966260194778442,0.9966260194778442,0.003374002641066909,1.8675000173971057,rnn_lstm_v1,api,
047cc89d-1847-498e-b80b-de9814dc7a51,2026-08-23T09:32:22.567573+00:00,breakfast was cold and the coffee machine was broken all week,11,0,NEGATIVE,0.9957310557365417,0.9957310557365417,0.00426898617297411,1.6317000845447183,rnn_lstm_v1,api,
2a6ccd5a-d8d9-4380-aac0-eabc0b1d9c30,2026-08-23T09:32:22.352636+00:00,paid for a sea view and got a wall completely misleading listing,12,0,NEGATIVE,0.9924073815345764,0.9924073815345764,0.007592585403472185,2.3737000301480293,rnn_lstm_v1,api,
82d356a6-abb1-4fc4-a291-1506bd11d37b,2026-08-23T09:32:22.145273+00:00,bathroom was dirty and there was hair on the towels disgusting,11,0,NEGATIVE,0.9989798665046692,0.9989798665046692,0.0010200788965448737,1.716800034046173,rnn_lstm_v1,api,
d38e5a80-a6ef-4fa0-a637-adb29cf33526,2026-08-23T09:32:21.939018+00:00,rude staff at the front desk and a two hour wait to check in,14,0,NEGATIVE,0.9934012293815613,0.9934012293815613,0.0065987491980195045,2.482399926520884,rnn_lstm_v1,api,
cebbfd62-6579-4261-8ba4-741a63a879c1,2026-08-23T09:32:21.723954+00:00,the room smelled musty and the air conditioning barely worked,10,0,POSITIVE,0.9895714521408081,0.01042856927961111,0.9895714521408081,3.257600008510053,rnn_lstm_v1,api,
af306f21-2776-4050-baae-475da21139d3,2026-08-23T09:32:21.460242+00:00,clean quiet and exactly as described no_complaints at all,9,0,POSITIVE,0.9813955426216125,0.018604407086968422,0.9813955426216125,1.4773999573662877,rnn_lstm_v1,api,
de32639c-0f34-484d-8bba-4739e6b4565a,2026-08-23T09:32:21.224444+00:00,staff went out of their way to help us truly five star service,13,0,POSITIVE,0.9919410943984985,0.008058891631662846,0.9919410943984985,3.5311999963596463,rnn_lstm_v1,api,
8064234e-75ff-4268-9bb8-1b813c0beeff,2026-08-23T09:32:20.979350+00:00,loved the pool area and the spa treatments were fantastic,10,0,POSITIVE,0.999954104423523,4.595199425239116e-05,0.999954104423523,3.742299973964691,rnn_lstm_v1,api,
a48f11ea-75e4-46e6-9ee0-c46fc3b23720,2026-08-23T09:32:20.761986+00:00,check in was fast and the concierge gave great restaurant recommendations,11,0,POSITIVE,0.996087908744812,0.00391206331551075,0.996087908744812,1.76170002669096,rnn_lstm_v1,api,
8f865dde-4c44-4e7e-916e-170d953f3928,2026-08-23T09:32:20.549885+00:00,comfortable bed and the view from our room was stunning,10,0,POSITIVE,0.9997707009315491,0.0002293011057190597,0.9997707009315491,2.0007999846711755,rnn_lstm_v1,api,
6aaefb2c-ba48-4dd1-a207-80209028cfb4,2026-08-23T09:32:20.309312+00:00,great location walking distance to everything breakfast was excellent,9,0,POSITIVE,0.9995142221450806,0.0004857601597905159,0.9995142221450806,2.006300026550889,rnn_lstm_v1,api,
ca0fc97f-710f-470f-a30a-6bc67f4e3bf4,2026-08-23T09:32:19.957190+00:00,the room was spotless and the staff were incredibly welcoming would stay again,13,0,POSITIVE,0.988588809967041,0.011411242187023163,0.988588809967041,5.529899965040386,rnn_lstm_v1,api,
b4afd325-383a-44b7-8c4c-0f6fa4e121c1,2026-08-23T09:28:21.266898+00:00,the rooftop yoga session got cancelled with zero notice poor communication the whole stay,14,0,NEGATIVE,0.9990494847297668,0.9990494847297668,0.0009504808695055544,1.7634000396355987,rnn_lstm_v1,drift_simulation,NEGATIVE
4069cc5e-e925-4d96-9b3f-c99ad472d134,2026-08-23T09:28:21.258882+00:00,ngl the influencer suite was a total letdown ring light was broken and the lighting was so mid,18,2,NEGATIVE,0.9914098381996155,0.9914098381996155,0.00859021209180355,1.2823999859392643,rnn_lstm_v1,drift_simulation,NEGATIVE
2a3ec063-d46f-4c6a-bf92-0fcf611913c1,2026-08-23T09:28:21.251357+00:00,the smart room controls glitched constantly lights turning on at am zero chill,13,1,POSITIVE,0.6802892088890076,0.3197108209133148,0.6802892088890076,1.8367000157013535,rnn_lstm_v1,drift_simulation,NEGATIVE
1a5cd1e9-4840-42dc-9694-1217507ba4f3,2026-08-23T09:28:21.241247+00:00,the whole stay felt like a scam nothing matched the listing and support ghosted us,15,1,NEGATIVE,0.9359816312789917,0.9359816312789917,0.06401842087507248,1.319300034083426,rnn_lstm_v1,drift_simulation,NEGATIVE
a8e6b476-b09f-4094-95ac-fd93523be0ef,2026-08-23T09:28:21.227056+00:00,main character energy ruined immediately by the mold in the bathroom absolutely unacceptable,13,0,NEGATIVE,0.9994033575057983,0.9994033575057983,0.000596624449826777,1.993000041693449,rnn_lstm_v1,drift_simulation,NEGATIVE
39f9dee0-f314-424b-a6e3-1e113fb270fa,2026-08-23T09:28:21.218452+00:00,the ev charger was broken the entire weekend such an inconvenience for our trip,14,0,NEGATIVE,0.9984197616577148,0.9984197616577148,0.0015802039997652173,2.0231999224051833,rnn_lstm_v1,drift_simulation,NEGATIVE
399d1fc9-9273-4c04-9fc0-186df7517b84,2026-08-23T09:28:21.209509+00:00,it is giving budget motel energy for a price that s giving luxury total mismatch,15,0,POSITIVE,0.9999518394470215,4.8143854655791074e-05,0.9999518394470215,1.666500000283122,rnn_lstm_v1,drift_simulation,NEGATIVE
53792440-3f08-4ce3-a7d0-85034baa6d11,2026-08-23T09:28:21.201087+00:00,the qr code menu never_loaded waited forever and the food that finally came was cold,15,2,NEGATIVE,0.6126976013183594,0.6126976013183594,0.3873023986816406,1.590800005942583,rnn_lstm_v1,drift_simulation,NEGATIVE
ec96b4e7-7f08-4e88-a09d-0af4d6d0cc0e,2026-08-23T09:28:21.193050+00:00,no_cap this was the worst stay ever staff had an attitude and the room was not it,17,1,NEGATIVE,0.9987461566925049,0.9987461566925049,0.001253763446584344,1.3624000130221248,rnn_lstm_v1,drift_simulation,NEGATIVE
7f5c1651-4b1b-4b03-ab73-63bf6038ccdf,2026-08-23T09:28:21.186058+00:00,the co working space had zero outlets absolute nightmare trying to get any work done,15,0,POSITIVE,0.8579864501953125,0.1420135498046875,0.8579864501953125,1.4393000165000558,rnn_lstm_v1,drift_simulation,NEGATIVE
cd7916a7-be64-4370-b2fa-b5c3ec1867b9,2026-08-23T09:28:21.177781+00:00,highkey regret booking here the aesthetic in photos was fake room looked nothing like the listing,16,1,NEGATIVE,0.983744740486145,0.983744740486145,0.016255179420113564,1.3902999926358461,rnn_lstm_v1,drift_simulation,NEGATIVE
b12f5867-a4e3-47c5-a57e-902a7e8e2a86,2026-08-23T09:28:21.170874+00:00,the breakfast was straight up mid cold eggs and stale bread not_vibe i signed up for,16,1,POSITIVE,0.8876655101776123,0.11233446002006531,0.8876655101776123,1.818199991248548,rnn_lstm_v1,drift_simulation,NEGATIVE
cfeeb1df-d2a7-4c73-a587-3161aa3e08e1,2026-08-23T09:28:21.162163+00:00,lowkey disappointed the contactless check in glitched and we stood outside for like an hour,15,2,NEGATIVE,0.9535052180290222,0.9535052180290222,0.0464947335422039,2.503699972294271,rnn_lstm_v1,drift_simulation,NEGATIVE
a830e9ed-5b3d-4d5b-a948-0ae9f4eda147,2026-08-23T09:28:21.151903+00:00,the vibe was just off room smelled sus and honestly kinda gross not_gonna lie,14,1,POSITIVE,0.8938095569610596,0.10619047284126282,0.8938095569610596,1.451499992981553,rnn_lstm_v1,drift_simulation,NEGATIVE
0e095cf5-7f6c-4a71-b7ef-add8593f7ef2,2026-08-23T09:28:21.144122+00:00,ngl this place was mid at best the wifi kept dying during my zoom calls the whole workation ruined,19,2,POSITIVE,0.853872537612915,0.146127387881279,0.853872537612915,3.0496999388560653,rnn_lstm_v1,drift_simulation,NEGATIVE
2e23ee4f-d420-4afd-88ac-9679aa49d3be,2026-08-23T09:28:21.131843+00:00,the influencer suite lived up to the hype ring light already set up and the lighting was chef s kiss,20,2,POSITIVE,0.612392008304596,0.38760799169540405,0.612392008304596,1.5005000168457627,rnn_lstm_v1,drift_simulation,POSITIVE
6777b790-632a-450b-b2f8-0450123f8a5d,2026-08-23T09:28:21.124756+00:00,this stay was a whole vibe from the smart room controls to the rooftop yoga sessions,16,0,POSITIVE,0.9925991296768188,0.007400827948004007,0.9925991296768188,1.4886000426486135,rnn_lstm_v1,drift_simulation,POSITIVE
763ef11e-f4a8-4dd4-bedf-9a876005fb0f,2026-08-23T09:28:21.116203+00:00,the front desk energy was immaculate checked in early no_questions asked real one behavior,14,0,POSITIVE,0.9284660220146179,0.0715339183807373,0.9284660220146179,3.1063000205904245,rnn_lstm_v1,drift_simulation,POSITIVE
82a7afda-adf0-403a-9fc2-b5f7e522c464,2026-08-23T09:28:21.102608+00:00,the pillows were so soft it is giving cloud energy best sleep i ve had in ages,17,0,POSITIVE,0.9999419450759888,5.8090055972570553e-05,0.9999419450759888,2.4739999789744616,rnn_lstm_v1,drift_simulation,POSITIVE
47078605-0ec1-4639-a562-f29cb1c7dd4c,2026-08-23T09:28:21.085376+00:00,would recommend the rooftop bar scene was fire and the sunset views hit different,14,0,POSITIVE,0.9446151852607727,0.05538484826683998,0.9446151852607727,1.9822000758722425,rnn_lstm_v1,drift_simulation,POSITIVE
edaf9d0e-d23d-4a84-8128-68131d36ad68,2026-08-23T09:28:21.077496+00:00,the staff really said we got you upgraded us for free and the whole stay was pure vibes,18,0,POSITIVE,0.9994749426841736,0.0005250871181488037,0.9994749426841736,2.12459999602288,rnn_lstm_v1,drift_simulation,POSITIVE
9c30fc97-e344-42ce-8009-769b75e6a5c1,2026-08-23T09:28:21.067907+00:00,lived my best digital nomad era here fast wifi and the view was unreal,14,1,POSITIVE,0.9988510608673096,0.001148935523815453,0.9988510608673096,4.307999974116683,rnn_lstm_v1,drift_simulation,POSITIVE
2a7e9b84-81bf-4b5e-aeb8-038737f2ea07,2026-08-23T09:28:21.054688+00:00,lowkey the qr code menu made ordering room service so easy food slapped too,14,2,POSITIVE,0.9990867376327515,0.0009132404229603708,0.9990867376327515,1.8109000520780683,rnn_lstm_v1,drift_simulation,POSITIVE
3844ee31-a12b-4629-a701-24c1e7599e3e,2026-08-23T09:28:21.046242+00:00,the vibe check was immediate cozy rooms and the ev charging station was a nice bonus for our road trip,20,0,POSITIVE,0.9994866847991943,0.0005133158410899341,0.9994866847991943,1.8483999883756042,rnn_lstm_v1,drift_simulation,POSITIVE
b9ad16c2-08f3-40fb-8e67-8462fc22767d,2026-08-23T09:28:21.036374+00:00,this place is so aesthetic it is basically tiktok famous now staff were super sweet the whole stay,18,1,POSITIVE,0.9990609288215637,0.000939069373998791,0.9990609288215637,4.256699932739139,rnn_lstm_v1,drift_simulation,POSITIVE
8666555f-3b6b-482d-a1e2-a2d1b6faa25c,2026-08-23T09:28:21.020485+00:00,the co working lounge was perfect for remote work main character energy just vibing by the window all day,19,1,POSITIVE,0.9840542674064636,0.015945684164762497,0.9840542674064636,3.9109999779611826,rnn_lstm_v1,drift_simulation,POSITIVE
7ecf71c6-911d-4ca4-9ede-2f5785501d96,2026-08-23T09:28:21.000711+00:00,no_cap the breakfast spread was elite everything hit different especially the fresh pastries,13,1,POSITIVE,0.5387511849403381,0.46124884486198425,0.5387511849403381,10.66470006480813,rnn_lstm_v1,drift_simulation,POSITIVE
981c65ee-fb0a-40a1-9ef9-e9768b00d8fa,2026-08-23T09:28:20.970776+00:00,highkey obsessed with the contactless check in so smooth and the wifi speed was actually insane for a workation,19,2,NEGATIVE,0.9431005716323853,0.9431005716323853,0.056899432092905045,5.199900013394654,rnn_lstm_v1,drift_simulation,POSITIVE
0463f154-ee37-4a8a-b9a0-dd6464609a69,2026-08-23T09:28:20.956244+00:00,the room aesthetic was giving five star energy lowkey the best stay of my whole trip,16,1,POSITIVE,0.9978443384170532,0.0021556939464062452,0.9978443384170532,11.38170005287975,rnn_lstm_v1,drift_simulation,POSITIVE
ba636317-0005-4571-ba96-091de2a3a99f,2026-08-23T09:28:20.936245+00:00,ngl this hotel hits different the rooftop pool was bussin and the staff were so real for that free upgrade,20,2,POSITIVE,0.7319402694702148,0.26805970072746277,0.7319402694702148,9.060400072485209,rnn_lstm_v1,drift_simulation,POSITIVE
8c258d91-3dfc-4869-a817-d4ba097ad473,2026-08-23T09:25:17.413465+00:00,the park was good but drinks were not_overall quite good experience improve the drink quality please,16,0,POSITIVE,0.9996974468231201,0.00030256411992013454,0.9996974468231201,12.85139995161444,rnn_lstm_v1,api,
67c7c915-497f-457c-8628-80094d256279,2026-08-23T09:24:41.259560+00:00,not_great experience,2,0,NEGATIVE,0.9930226802825928,0.9930226802825928,0.006977238226681948,5.386299919337034,rnn_lstm_v1,api,
0208b3b4-7fca-4802-8352-7d6549bd586c,2026-08-23T09:17:23.125715+00:00,awesome experience loving it all right,6,0,POSITIVE,0.9999760389328003,2.394281909801066e-05,0.9999760389328003,28.448599972762167,rnn_lstm_v1,api,
a7a062d1-6daf-4f18-b18c-5dd6d82fc7d3,2026-08-23T09:07:53.760446+00:00,the check in was smooth room was spotless and the view was breathtaking,13,0,POSITIVE,0.9772656559944153,0.02273430861532688,0.9772656559944153,7.0683000376448035,rnn_lstm_v1,api,
7e3afdb4-a9ce-499b-ad00-94262be0dd49,2026-08-23T09:07:46.170288+00:00,the check in was smooth room was spotless and the view was breathtaking,13,0,POSITIVE,0.9772656559944153,0.02273430861532688,0.9772656559944153,10.308000026270747,rnn_lstm_v1,api,
5b11c153-5b75-42ad-b09c-ca27280acb75,2026-08-23T09:07:20.432921+00:00,absolutely filthy room and the staff ignored every request we made,11,0,NEGATIVE,0.9851898550987244,0.9851898550987244,0.01481017004698515,2.906800014898181,rnn_lstm_v1,api,
88a1d5cf-123e-4656-85ea-9e9341e93e8d,2026-08-23T09:07:20.286320+00:00,the room was spotless and the staff went above and beyond wonderful stay,13,0,POSITIVE,0.9961487054824829,0.003851311281323433,0.9961487054824829,11.915700044482946,rnn_lstm_v1,api,
fee3eba0-0f00-40de-ba04-57c99d6cb41c,2026-08-23T09:07:04.990722+00:00,the rooftop yoga session got cancelled with zero notice poor communication the whole stay,14,0,NEGATIVE,0.9990494847297668,0.9990494847297668,0.0009504808695055544,3.65059997420758,rnn_lstm_v1,drift_simulation,NEGATIVE
74eaea83-1980-4ba1-9b91-f6b3f0b7a44c,2026-08-23T09:07:04.980368+00:00,ngl the influencer suite was a total letdown ring light was broken and the lighting was so mid,18,2,NEGATIVE,0.9914098381996155,0.9914098381996155,0.00859021209180355,1.9157000351697206,rnn_lstm_v1,drift_simulation,NEGATIVE
9011e2ae-5011-4dfe-a8f6-6907b90fc48d,2026-08-23T09:07:04.970704+00:00,the smart room controls glitched constantly lights turning on at am zero chill,13,1,POSITIVE,0.6802892088890076,0.3197108209133148,0.6802892088890076,1.415400067344308,rnn_lstm_v1,drift_simulation,NEGATIVE
67869c51-c4b2-4b1f-a624-569e0545ed65,2026-08-23T09:07:04.962405+00:00,the whole stay felt like a scam nothing matched the listing and support ghosted us,15,1,NEGATIVE,0.9359816312789917,0.9359816312789917,0.06401842087507248,1.9037999445572495,rnn_lstm_v1,drift_simulation,NEGATIVE
930b9ec4-d836-484e-8e28-a39f27c05b22,2026-08-23T09:07:04.953229+00:00,main character energy ruined immediately by the mold in the bathroom absolutely unacceptable,13,0,NEGATIVE,0.9994033575057983,0.9994033575057983,0.000596624449826777,1.5936000272631645,rnn_lstm_v1,drift_simulation,NEGATIVE
2b043268-4a90-464e-98ab-abaad1965330,2026-08-23T09:07:04.944593+00:00,the ev charger was broken the entire weekend such an inconvenience for our trip,14,0,NEGATIVE,0.9984197616577148,0.9984197616577148,0.0015802039997652173,3.307500039227307,rnn_lstm_v1,drift_simulation,NEGATIVE
b5ddf3f1-58b3-4958-b7a7-d25d23c94fc1,2026-08-23T09:07:04.934113+00:00,it is giving budget motel energy for a price that s giving luxury total mismatch,15,0,POSITIVE,0.9999518394470215,4.8143854655791074e-05,0.9999518394470215,3.4748000325635076,rnn_lstm_v1,drift_simulation,NEGATIVE
a82e91ed-24db-4452-b736-08bc276eef17,2026-08-23T09:07:04.921204+00:00,the qr code menu never_loaded waited forever and the food that finally came was cold,15,2,NEGATIVE,0.6126976013183594,0.6126976013183594,0.3873023986816406,3.5791000118479133,rnn_lstm_v1,drift_simulation,NEGATIVE
43066b4b-4e9c-4635-9d07-3f7a3c27461f,2026-08-23T09:07:04.905316+00:00,no_cap this was the worst stay ever staff had an attitude and the room was not it,17,1,NEGATIVE,0.9987461566925049,0.9987461566925049,0.001253763446584344,2.422899939119816,rnn_lstm_v1,drift_simulation,NEGATIVE
d68af77c-d573-4364-b2d9-8394f2be5d19,2026-08-23T09:07:04.896031+00:00,the co working space had zero outlets absolute nightmare trying to get any work done,15,0,POSITIVE,0.8579864501953125,0.1420135498046875,0.8579864501953125,1.7390999710187316,rnn_lstm_v1,drift_simulation,NEGATIVE
52a63ba3-a3d3-4b16-b6bc-c342b4973f8f,2026-08-23T09:07:04.887069+00:00,highkey regret booking here the aesthetic in photos was fake room looked nothing like the listing,16,1,NEGATIVE,0.983744740486145,0.983744740486145,0.016255179420113564,2.334300079382956,rnn_lstm_v1,drift_simulation,NEGATIVE
4002631e-b6c6-43db-9d17-a4dd3ae23cd2,2026-08-23T09:07:04.878942+00:00,the breakfast was straight up mid cold eggs and stale bread not_vibe i signed up for,16,1,POSITIVE,0.8876655101776123,0.11233446002006531,0.8876655101776123,6.63729989901185,rnn_lstm_v1,drift_simulation,NEGATIVE
b32c39ad-59c5-4328-965e-b7cee7ec0c7d,2026-08-23T09:07:04.865228+00:00,lowkey disappointed the contactless check in glitched and we stood outside for like an hour,15,2,NEGATIVE,0.9535052180290222,0.9535052180290222,0.0464947335422039,2.150599961169064,rnn_lstm_v1,drift_simulation,NEGATIVE
209e0817-cdc6-4d4d-9340-668cf7e87b27,2026-08-23T09:07:04.856083+00:00,the vibe was just off room smelled sus and honestly kinda gross not_gonna lie,14,1,POSITIVE,0.8938095569610596,0.10619047284126282,0.8938095569610596,1.955399988219142,rnn_lstm_v1,drift_simulation,NEGATIVE
b1f9dd37-8cce-400a-9906-279685158884,2026-08-23T09:07:04.847608+00:00,ngl this place was mid at best the wifi kept dying during my zoom calls the whole workation ruined,19,2,POSITIVE,0.853872537612915,0.146127387881279,0.853872537612915,1.8879999406635761,rnn_lstm_v1,drift_simulation,NEGATIVE
01ea0350-c20f-4eb3-a27f-dd9dd154c665,2026-08-23T09:07:04.837794+00:00,the influencer suite lived up to the hype ring light already set up and the lighting was chef s kiss,20,2,POSITIVE,0.612392008304596,0.38760799169540405,0.612392008304596,2.0474999910220504,rnn_lstm_v1,drift_simulation,POSITIVE
c6b70c97-3d98-4a1e-a397-d17bf7c4d706,2026-08-23T09:07:04.828203+00:00,this stay was a whole vibe from the smart room controls to the rooftop yoga sessions,16,0,POSITIVE,0.9925991296768188,0.007400827948004007,0.9925991296768188,3.2273000106215477,rnn_lstm_v1,drift_simulation,POSITIVE
77274930-caaa-4690-ae19-1c2e24a53758,2026-08-23T09:07:04.817320+00:00,the front desk energy was immaculate checked in early no_questions asked real one behavior,14,0,POSITIVE,0.9284660220146179,0.0715339183807373,0.9284660220146179,10.1637999759987,rnn_lstm_v1,drift_simulation,POSITIVE
0d552d19-a658-4085-a7bb-fe81309b9407,2026-08-23T09:07:04.800141+00:00,the pillows were so soft it is giving cloud energy best sleep i ve had in ages,17,0,POSITIVE,0.9999419450759888,5.8090055972570553e-05,0.9999419450759888,2.7426000451669097,rnn_lstm_v1,drift_simulation,POSITIVE
0b6bc331-efaf-442e-bfa0-a788ff143211,2026-08-23T09:07:04.788498+00:00,would recommend the rooftop bar scene was fire and the sunset views hit different,14,0,POSITIVE,0.9446151852607727,0.05538484826683998,0.9446151852607727,2.4353000335395336,rnn_lstm_v1,drift_simulation,POSITIVE
0596d52f-97bc-4508-9a1f-962305f89354,2026-08-23T09:07:04.780268+00:00,the staff really said we got you upgraded us for free and the whole stay was pure vibes,18,0,POSITIVE,0.9994749426841736,0.0005250871181488037,0.9994749426841736,6.391200004145503,rnn_lstm_v1,drift_simulation,POSITIVE
8c323eea-06d9-4598-96ec-56b02af0d3a1,2026-08-23T09:07:04.768087+00:00,lived my best digital nomad era here fast wifi and the view was unreal,14,1,POSITIVE,0.9988510608673096,0.001148935523815453,0.9988510608673096,3.069999977014959,rnn_lstm_v1,drift_simulation,POSITIVE
20a1ab95-b08a-4631-8ffd-1db43ab85a72,2026-08-23T09:07:04.758730+00:00,lowkey the qr code menu made ordering room service so easy food slapped too,14,2,POSITIVE,0.9990867376327515,0.0009132404229603708,0.9990867376327515,2.0617999834939837,rnn_lstm_v1,drift_simulation,POSITIVE
b67c949b-4f6c-4a72-81cc-42fc29725b84,2026-08-23T09:07:04.749167+00:00,the vibe check was immediate cozy rooms and the ev charging station was a nice bonus for our road trip,20,0,POSITIVE,0.9994866847991943,0.0005133158410899341,0.9994866847991943,1.6346999909728765,rnn_lstm_v1,drift_simulation,POSITIVE
4efa3668-e850-4d74-9fb0-40831760c131,2026-08-23T09:07:04.740823+00:00,this place is so aesthetic it is basically tiktok famous now staff were super sweet the whole stay,18,1,POSITIVE,0.9990609288215637,0.000939069373998791,0.9990609288215637,1.875000074505806,rnn_lstm_v1,drift_simulation,POSITIVE
cc7ad96a-a49d-4979-b886-c10b4e950802,2026-08-23T09:07:04.732524+00:00,the co working lounge was perfect for remote work main character energy just vibing by the window all day,19,1,POSITIVE,0.9840542674064636,0.015945684164762497,0.9840542674064636,1.7522000707685947,rnn_lstm_v1,drift_simulation,POSITIVE
66478cea-1d4c-465f-b452-b915319dac41,2026-08-23T09:07:04.722203+00:00,no_cap the breakfast spread was elite everything hit different especially the fresh pastries,13,1,POSITIVE,0.5387511849403381,0.46124884486198425,0.5387511849403381,2.475299988873303,rnn_lstm_v1,drift_simulation,POSITIVE
c80661ea-3708-4f92-b44b-11969b256f74,2026-08-23T09:07:04.712788+00:00,highkey obsessed with the contactless check in so smooth and the wifi speed was actually insane for a workation,19,2,NEGATIVE,0.9431005716323853,0.9431005716323853,0.056899432092905045,8.475200040265918,rnn_lstm_v1,drift_simulation,POSITIVE
fac210f1-b5e2-4b23-ab02-e91157db6948,2026-08-23T09:07:04.696675+00:00,the room aesthetic was giving five star energy lowkey the best stay of my whole trip,16,1,POSITIVE,0.9978443384170532,0.0021556939464062452,0.9978443384170532,6.624800036661327,rnn_lstm_v1,drift_simulation,POSITIVE
f71dc4d3-2bf5-4d3b-9a3b-0ceb40851887,2026-08-23T09:07:04.681729+00:00,ngl this hotel hits different the rooftop pool was bussin and the staff were so real for that free upgrade,20,2,POSITIVE,0.7319402694702148,0.26805970072746277,0.7319402694702148,7.153999991714954,rnn_lstm_v1,drift_simulation,POSITIVE
